"","x"
"WT_AAACCTGGTAGGAGTC-1","WT"
"WT_AAACCTGGTGGCTCCA-1","WT"
"WT_AAAGTAGAGAGAGCTC-1","WT"
"WT_AAATGCCAGTCTCCTC-1","WT"
"WT_AAATGCCGTCAACATC-1","WT"
"WT_AACACGTGTACCGGCT-1","WT"
"WT_AACCATGGTTCCCTTG-1","WT"
"WT_AACCATGTCGTACCGG-1","WT"
"WT_AACGTTGAGTCGATAA-1","WT"
"WT_AACGTTGCACGAAACG-1","WT"
"WT_AACGTTGCATTTGCTT-1","WT"
"WT_AACTCAGTCATGTCTT-1","WT"
"WT_AACTCTTAGGGAAACA-1","WT"
"WT_AACTGGTAGAGGTTGC-1","WT"
"WT_AAGACCTAGAACAATC-1","WT"
"WT_AAGACCTCAGTAAGAT-1","WT"
"WT_AAGACCTCAGTCCTTC-1","WT"
"WT_AAGCCGCAGCTCTCGG-1","WT"
"WT_AAGGAGCCAGTGGAGT-1","WT"
"WT_AAGGTTCAGTGCGTGA-1","WT"
"WT_AATCCAGAGATCCTGT-1","WT"
"WT_AATCCAGCAGACACTT-1","WT"
"WT_ACACCGGCAAACGCGA-1","WT"
"WT_ACACTGACAAGAAAGG-1","WT"
"WT_ACAGCCGCAGGAACGT-1","WT"
"WT_ACAGCCGCATTCCTCG-1","WT"
"WT_ACAGCTATCCATGCTC-1","WT"
"WT_ACATCAGGTGAGCGAT-1","WT"
"WT_ACATGGTAGGATTCGG-1","WT"
"WT_ACATGGTGTGCACGAA-1","WT"
"WT_ACCAGTAAGATGTTAG-1","WT"
"WT_ACCAGTACACGGCGTT-1","WT"
"WT_ACCCACTCAGGAATCG-1","WT"
"WT_ACCCACTTCAGTGTTG-1","WT"
"WT_ACCGTAATCACGGTTA-1","WT"
"WT_ACCGTAATCCCACTTG-1","WT"
"WT_ACGATGTAGACGCAAC-1","WT"
"WT_ACGCAGCCACACCGAC-1","WT"
"WT_ACGCAGCTCCGCATAA-1","WT"
"WT_ACGCCAGAGCGTAGTG-1","WT"
"WT_ACGCCAGTCTCGGACG-1","WT"
"WT_ACGCCGAAGATCTGCT-1","WT"
"WT_ACGCCGAGTCAGTGGA-1","WT"
"WT_ACGGAGAAGTCATGCT-1","WT"
"WT_ACGGGCTCAGATGAGC-1","WT"
"WT_ACGGGTCGTCAACATC-1","WT"
"WT_ACGTCAAAGCCCAATT-1","WT"
"WT_ACGTCAACATAGTAAG-1","WT"
"WT_ACTATCTGTTGAGGTG-1","WT"
"WT_ACTATCTTCCTTGACC-1","WT"
"WT_ACTGAACAGATCTGCT-1","WT"
"WT_ACTGAACCAGTGAGTG-1","WT"
"WT_ACTGATGAGATGAGAG-1","WT"
"WT_ACTGATGAGGGTGTTG-1","WT"
"WT_ACTGATGTCTTGTACT-1","WT"
"WT_ACTTACTAGGGATGGG-1","WT"
"WT_AGAATAGGTTATCCGA-1","WT"
"WT_AGAATAGTCTTGGGTA-1","WT"
"WT_AGACGTTCACAACGCC-1","WT"
"WT_AGACGTTTCCCAACGG-1","WT"
"WT_AGAGCGAGTGGTACAG-1","WT"
"WT_AGAGCTTGTCTAGAGG-1","WT"
"WT_AGATTGCCATGCTGGC-1","WT"
"WT_AGCCTAAAGAGAACAG-1","WT"
"WT_AGCGGTCAGACCTTTG-1","WT"
"WT_AGGGAGTCACAACTGT-1","WT"
"WT_AGGGATGTCGCAGGCT-1","WT"
"WT_AGGGTGATCCTAGGGC-1","WT"
"WT_AGGGTGATCGTCTGCT-1","WT"
"WT_AGGTCATAGCAGGCTA-1","WT"
"WT_AGGTCATGTCGAATCT-1","WT"
"WT_AGTCTTTCACGAGAGT-1","WT"
"WT_AGTCTTTCATACTACG-1","WT"
"WT_AGTGGGAGTCATCCCT-1","WT"
"WT_AGTGTCACACAGTCGC-1","WT"
"WT_AGTGTCAGTAGCGTCC-1","WT"
"WT_ATAAGAGCAAATCCGT-1","WT"
"WT_ATAGACCAGGAGTCTG-1","WT"
"WT_ATAGACCGTGTGACGA-1","WT"
"WT_ATCACGAAGTGAAGTT-1","WT"
"WT_ATCACGACAGCTGTGC-1","WT"
"WT_ATCACGACATACAGCT-1","WT"
"WT_ATCATCTGTTAGAACA-1","WT"
"WT_ATCCACCCACACTGCG-1","WT"
"WT_ATCCGAATCTAACGGT-1","WT"
"WT_ATCTACTCAATGAAAC-1","WT"
"WT_ATCTACTTCGCCATAA-1","WT"
"WT_ATCTGCCCAAAGGTGC-1","WT"
"WT_ATGAGGGAGACTGTAA-1","WT"
"WT_ATGAGGGCAAGCCCAC-1","WT"
"WT_ATGAGGGCATCTGGTA-1","WT"
"WT_ATGAGGGTCACAACGT-1","WT"
"WT_ATGCGATAGTGTCTCA-1","WT"
"WT_ATGCGATTCCACGCAG-1","WT"
"WT_ATGGGAGAGTACTTGC-1","WT"
"WT_ATGTGTGAGACGCACA-1","WT"
"WT_ATTACTCTCCCTGACT-1","WT"
"WT_ATTATCCAGGACGAAA-1","WT"
"WT_ATTATCCGTCGCGAAA-1","WT"
"WT_ATTATCCTCAGGTTCA-1","WT"
"WT_ATTCTACAGCTAGTCT-1","WT"
"WT_ATTCTACTCTCATTCA-1","WT"
"WT_ATTGGTGAGGGCTTCC-1","WT"
"WT_ATTGGTGCAGCGAACA-1","WT"
"WT_ATTGGTGCATTTGCCC-1","WT"
"WT_ATTGGTGGTCTTGCGG-1","WT"
"WT_ATTTCTGTCTCTGAGA-1","WT"
"WT_CAACCAACACTTACGA-1","WT"
"WT_CAACTAGAGACCTTTG-1","WT"
"WT_CAACTAGAGCGATCCC-1","WT"
"WT_CAACTAGGTAAATACG-1","WT"
"WT_CAAGATCAGATGTAAC-1","WT"
"WT_CAAGTTGGTCCGAAGA-1","WT"
"WT_CACAAACTCTGTTGAG-1","WT"
"WT_CACACAACAATAGCAA-1","WT"
"WT_CACACAATCCGCGTTT-1","WT"
"WT_CACACCTAGAGGTAGA-1","WT"
"WT_CACACCTCACAAGTAA-1","WT"
"WT_CACAGGCCATCACAAC-1","WT"
"WT_CACAGTAAGGGATCTG-1","WT"
"WT_CACAGTACACAACGTT-1","WT"
"WT_CACAGTACACCGGAAA-1","WT"
"WT_CACAGTAGTTCCACAA-1","WT"
"WT_CACATTTGTTATCGGT-1","WT"
"WT_CACCACTAGGGTTCCC-1","WT"
"WT_CACCACTAGTGGTAGC-1","WT"
"WT_CACCTTGAGCACGCCT-1","WT"
"WT_CACCTTGTCCTGCAGG-1","WT"
"WT_CAGAGAGTCATAAAGG-1","WT"
"WT_CAGAGAGTCGACAGCC-1","WT"
"WT_CAGATCATCTCCCTGA-1","WT"
"WT_CAGCAGCAGTGGGTTG-1","WT"
"WT_CAGCAGCCACACATGT-1","WT"
"WT_CAGCATAGTGTTCGAT-1","WT"
"WT_CAGCCGACAATCTGCA-1","WT"
"WT_CAGCCGACACAGATTC-1","WT"
"WT_CAGCTAATCCTTGGTC-1","WT"
"WT_CAGCTGGCACAGATTC-1","WT"
"WT_CAGCTGGGTGGTCCGT-1","WT"
"WT_CAGCTGGTCAACTCTT-1","WT"
"WT_CAGGTGCCATTGGTAC-1","WT"
"WT_CAGGTGCGTAGCTAAA-1","WT"
"WT_CAGTAACCATGCAACT-1","WT"
"WT_CAGTAACTCATGTGGT-1","WT"
"WT_CAGTCCTCACTCGACG-1","WT"
"WT_CAGTCCTGTTCCGGCA-1","WT"
"WT_CAGTCCTTCGATCCCT-1","WT"
"WT_CATATGGCAGATCCAT-1","WT"
"WT_CATATGGTCCACGTGG-1","WT"
"WT_CATATTCCATGCATGT-1","WT"
"WT_CATATTCGTCCAACTA-1","WT"
"WT_CATCAAGTCAGTTTGG-1","WT"
"WT_CATCAAGTCGTTTATC-1","WT"
"WT_CATCAGATCTGGTTCC-1","WT"
"WT_CATCCACTCGAGAACG-1","WT"
"WT_CATCGGGTCGTCCGTT-1","WT"
"WT_CATGACATCGGTTCGG-1","WT"
"WT_CATGGCGCAAAGGAAG-1","WT"
"WT_CATTATCAGTGTGGCA-1","WT"
"WT_CATTATCTCTTTAGTC-1","WT"
"WT_CATTCGCAGGCATTGG-1","WT"
"WT_CATTCGCAGTTGAGTA-1","WT"
"WT_CATTCGCCATTTGCTT-1","WT"
"WT_CCAATCCAGATCGATA-1","WT"
"WT_CCACCTAAGTCCGGTC-1","WT"
"WT_CCACCTACATCCGTGG-1","WT"
"WT_CCACCTATCTGGTGTA-1","WT"
"WT_CCACGGAAGACGACGT-1","WT"
"WT_CCACTACGTCATGCAT-1","WT"
"WT_CCACTACTCCTAGAAC-1","WT"
"WT_CCAGCGAAGCTGCAAG-1","WT"
"WT_CCATGTCCAAGTAGTA-1","WT"
"WT_CCATGTCCAGCTGTTA-1","WT"
"WT_CCATGTCCAGGAACGT-1","WT"
"WT_CCATGTCGTTCAGGCC-1","WT"
"WT_CCATGTCTCAGTCCCT-1","WT"
"WT_CCATTCGCAGAGCCAA-1","WT"
"WT_CCCAGTTAGGTTACCT-1","WT"
"WT_CCGGGATGTCTCATCC-1","WT"
"WT_CCGTACTTCGCTGATA-1","WT"
"WT_CCGTGGACACGACTCG-1","WT"
"WT_CCGTGGATCTGGTATG-1","WT"
"WT_CCTACACAGTGGACGT-1","WT"
"WT_CCTACACTCCACGTTC-1","WT"
"WT_CCTACACTCTGATTCT-1","WT"
"WT_CCTACCATCTGCGACG-1","WT"
"WT_CCTAGCTAGCCATCGC-1","WT"
"WT_CCTAGCTCAAAGTCAA-1","WT"
"WT_CCTAGCTCAGTAAGAT-1","WT"
"WT_CCTATTATCCTGTACC-1","WT"
"WT_CCTCAGTGTGCAACTT-1","WT"
"WT_CCTCAGTTCCTACAGA-1","WT"
"WT_CCTCTGAAGGCAATTA-1","WT"
"WT_CCTTCCCCATGGTCTA-1","WT"
"WT_CCTTCCCTCAACTCTT-1","WT"
"WT_CCTTTCTAGCTGTTCA-1","WT"
"WT_CCTTTCTCAAGACACG-1","WT"
"WT_CGAATGTAGCTAGGCA-1","WT"
"WT_CGAATGTTCTTGCATT-1","WT"
"WT_CGACTTCCAAACTGTC-1","WT"
"WT_CGACTTCGTAGCCTAT-1","WT"
"WT_CGACTTCGTCAATGTC-1","WT"
"WT_CGACTTCTCTTACCTA-1","WT"
"WT_CGAGAAGGTTTGTTGG-1","WT"
"WT_CGAGAAGTCTAACTTC-1","WT"
"WT_CGAGCACGTCTAGCGC-1","WT"
"WT_CGAGCACTCCAAGCCG-1","WT"
"WT_CGAGCACTCTCGATGA-1","WT"
"WT_CGAGCCAGTCTCTCTG-1","WT"
"WT_CGAGCCATCCAGAAGG-1","WT"
"WT_CGATCGGTCCTGTAGA-1","WT"
"WT_CGATGGCTCAGAGACG-1","WT"
"WT_CGATTGAGTAAGTGTA-1","WT"
"WT_CGCGGTAAGTTCGCGC-1","WT"
"WT_CGCGGTATCAATCTCT-1","WT"
"WT_CGCGTTTCAATAGCAA-1","WT"
"WT_CGCGTTTGTTTGTTGG-1","WT"
"WT_CGCTATCTCGTATCAG-1","WT"
"WT_CGCTGGATCTCGCTTG-1","WT"
"WT_CGCTTCACATGAACCT-1","WT"
"WT_CGGACACCATTCCTCG-1","WT"
"WT_CGGACACTCTTAGCCC-1","WT"
"WT_CGGACGTAGATAGTCA-1","WT"
"WT_CGGACGTAGGTGATAT-1","WT"
"WT_CGGACTGAGCGCCTCA-1","WT"
"WT_CGGAGCTAGTCCCACG-1","WT"
"WT_CGGGTCAGTCATTAGC-1","WT"
"WT_CGGGTCATCTGTCTAT-1","WT"
"WT_CGGTTAATCACAGGCC-1","WT"
"WT_CGTAGCGAGTGCAAGC-1","WT"
"WT_CGTAGCGCAGTCCTTC-1","WT"
"WT_CGTAGCGTCTCGCATC-1","WT"
"WT_CGTCACTAGAATGTTG-1","WT"
"WT_CGTCACTAGCCTCGTG-1","WT"
"WT_CGTCCATGTATCAGTC-1","WT"
"WT_CGTCTACCAAGAAGAG-1","WT"
"WT_CGTCTACCAGTCAGCC-1","WT"
"WT_CGTGAGCGTGAAATCA-1","WT"
"WT_CGTGAGCGTTAGAACA-1","WT"
"WT_CGTGTAAGTAGGCTGA-1","WT"
"WT_CGTGTAATCGTTACGA-1","WT"
"WT_CGTGTCTTCATTGCGA-1","WT"
"WT_CGTTAGAAGTGTTGAA-1","WT"
"WT_CGTTCTGTCCACGCAG-1","WT"
"WT_CGTTGGGAGGATTCGG-1","WT"
"WT_CGTTGGGAGTACGATA-1","WT"
"WT_CGTTGGGGTCGAAAGC-1","WT"
"WT_CGTTGGGGTGGCCCTA-1","WT"
"WT_CTAACTTAGGAGTTTA-1","WT"
"WT_CTAACTTCATGCCTTC-1","WT"
"WT_CTAACTTCATGGATGG-1","WT"
"WT_CTAAGACAGCGATATA-1","WT"
"WT_CTAATGGCAGGGCATA-1","WT"
"WT_CTACACCGTACCAGTT-1","WT"
"WT_CTACATTGTTACGTCA-1","WT"
"WT_CTACCCATCTATGTGG-1","WT"
"WT_CTACCCATCTTAGCCC-1","WT"
"WT_CTACGTCCACGAAATA-1","WT"
"WT_CTAGAGTAGAAGATTC-1","WT"
"WT_CTAGAGTCAATCCAAC-1","WT"
"WT_CTAGAGTTCAACTCTT-1","WT"
"WT_CTAGCCTAGCCAGGAT-1","WT"
"WT_CTCACACGTATAGGTA-1","WT"
"WT_CTCAGAAAGTTGAGAT-1","WT"
"WT_CTCATTAAGAGCCCAA-1","WT"
"WT_CTCATTACAGCGATCC-1","WT"
"WT_CTCATTATCCCTGACT-1","WT"
"WT_CTCATTATCGGTGTTA-1","WT"
"WT_CTCATTATCTCAAGTG-1","WT"
"WT_CTCCTAGTCAAGCCTA-1","WT"
"WT_CTCGAAATCATACGGT-1","WT"
"WT_CTCGGAGCAGGAATCG-1","WT"
"WT_CTCGGGAAGGCCCTTG-1","WT"
"WT_CTCGGGAGTCGGATCC-1","WT"
"WT_CTCGTCAAGGCGATAC-1","WT"
"WT_CTCTAATGTCCGTTAA-1","WT"
"WT_CTCTACGGTAGCAAAT-1","WT"
"WT_CTCTGGTGTAATTGGA-1","WT"
"WT_CTGAAACCAATTCCTT-1","WT"
"WT_CTGAAACTCACTTCAT-1","WT"
"WT_CTGAAGTGTCTCGTTC-1","WT"
"WT_CTGCGGACACAGATTC-1","WT"
"WT_CTGCGGACAGGTCCAC-1","WT"
"WT_CTGCGGATCACCCTCA-1","WT"
"WT_CTGCGGATCTCTAAGG-1","WT"
"WT_CTGCTGTAGTGTTGAA-1","WT"
"WT_CTGCTGTCACTAAGTC-1","WT"
"WT_CTGCTGTGTCGAAAGC-1","WT"
"WT_CTGGTCTCAGCGATCC-1","WT"
"WT_CTGGTCTTCACGATGT-1","WT"
"WT_CTGTGCTGTTTAGCTG-1","WT"
"WT_CTGTGCTTCATATCGG-1","WT"
"WT_CTGTTTAGTCGCGGTT-1","WT"
"WT_CTGTTTATCCGTACAA-1","WT"
"WT_CTTAACTAGAACTCGG-1","WT"
"WT_CTTAACTAGGCTATCT-1","WT"
"WT_CTTAACTGTCACACGC-1","WT"
"WT_CTTACCGCATGCAACT-1","WT"
"WT_CTTGGCTGTGTAATGA-1","WT"
"WT_CTTTGCGCAACTGGCC-1","WT"
"WT_CTTTGCGTCAACCAAC-1","WT"
"WT_CTTTGCGTCACTCCTG-1","WT"
"WT_GAAACTCGTGTAATGA-1","WT"
"WT_GAAATGAAGATATGGT-1","WT"
"WT_GAAATGAAGATCTGAA-1","WT"
"WT_GAACCTACACATAACC-1","WT"
"WT_GAACGGAAGTGCTGCC-1","WT"
"WT_GAACGGATCCCATTAT-1","WT"
"WT_GAACGGATCTGGCGTG-1","WT"
"WT_GAAGCAGGTTGGTTTG-1","WT"
"WT_GAATAAGCACGAAGCA-1","WT"
"WT_GAATAAGCATTAGCCA-1","WT"
"WT_GACACGCAGACAATAC-1","WT"
"WT_GACAGAGGTTTGTGTG-1","WT"
"WT_GACCAATAGTACGTTC-1","WT"
"WT_GACCAATCAAGGTGTG-1","WT"
"WT_GACCAATGTTCTCATT-1","WT"
"WT_GACCTGGCAGTCAGCC-1","WT"
"WT_GACGCGTCAATCTGCA-1","WT"
"WT_GACGCGTGTGCAACTT-1","WT"
"WT_GACGGCTTCTAAGCCA-1","WT"
"WT_GACGTTACAAGCGATG-1","WT"
"WT_GACTAACGTACTTAGC-1","WT"
"WT_GACTAACTCTCTTGAT-1","WT"
"WT_GACTACAGTGTGACCC-1","WT"
"WT_GACTGCGGTAGTACCT-1","WT"
"WT_GACTGCGTCTGCGTAA-1","WT"
"WT_GAGCAGAAGGACCACA-1","WT"
"WT_GAGCAGAGTCATTAGC-1","WT"
"WT_GAGGTGACAGGTCTCG-1","WT"
"WT_GATCAGTAGGAGTAGA-1","WT"
"WT_GATCAGTGTGCAGGTA-1","WT"
"WT_GATCAGTTCTTATCTG-1","WT"
"WT_GATCGCGTCATTGCCC-1","WT"
"WT_GATCGCGTCTACTTAC-1","WT"
"WT_GATCGTAAGACGCAAC-1","WT"
"WT_GATGAAAAGCTTTGGT-1","WT"
"WT_GATGAAATCATCGCTC-1","WT"
"WT_GATGCTACATCAGTAC-1","WT"
"WT_GCACTCTCAAGAAAGG-1","WT"
"WT_GCAGTTAAGTCGTACT-1","WT"
"WT_GCAGTTATCGTCACGG-1","WT"
"WT_GCATACAGTTTGACTG-1","WT"
"WT_GCATGATAGTACGTAA-1","WT"
"WT_GCATGATTCTTAGAGC-1","WT"
"WT_GCATGTAGTACAGTTC-1","WT"
"WT_GCATGTAGTTATCGGT-1","WT"
"WT_GCATGTATCTGCGTAA-1","WT"
"WT_GCCAAATAGCCAGTTT-1","WT"
"WT_GCCAAATGTTCACCTC-1","WT"
"WT_GCCTCTACAATCGGTT-1","WT"
"WT_GCGAGAACATGTCCTC-1","WT"
"WT_GCGAGAATCCACTGGG-1","WT"
"WT_GCGCAACTCACAGTAC-1","WT"
"WT_GCGCGATAGATATACG-1","WT"
"WT_GCGGGTTAGGCGCTCT-1","WT"
"WT_GCGGGTTCAGCGTTCG-1","WT"
"WT_GCTCCTACAATGAAAC-1","WT"
"WT_GCTCTGTCAAGTAATG-1","WT"
"WT_GCTCTGTCAGTCAGAG-1","WT"
"WT_GCTGCAGCAGATGGCA-1","WT"
"WT_GCTGCAGGTCATGCAT-1","WT"
"WT_GCTGCGAAGTGTTGAA-1","WT"
"WT_GCTGGGTAGAGGGATA-1","WT"
"WT_GCTGGGTTCTCAAACG-1","WT"
"WT_GGAACTTCAATCCAAC-1","WT"
"WT_GGAACTTGTGCATCTA-1","WT"
"WT_GGAATAAGTGGCCCTA-1","WT"
"WT_GGAATAATCATAGCAC-1","WT"
"WT_GGACAAGGTTAAGACA-1","WT"
"WT_GGACAAGTCAGCGACC-1","WT"
"WT_GGACATTAGGATTCGG-1","WT"
"WT_GGACATTAGGTAAACT-1","WT"
"WT_GGACGTCAGACAGAGA-1","WT"
"WT_GGAGCAATCGCCAAAT-1","WT"
"WT_GGATGTTCAAGCTGAG-1","WT"
"WT_GGATGTTCAGCGTTCG-1","WT"
"WT_GGATGTTTCGGCTACG-1","WT"
"WT_GGATTACCAGTATGCT-1","WT"
"WT_GGCAATTTCATTATCC-1","WT"
"WT_GGCCGATAGGAGTACC-1","WT"
"WT_GGCCGATAGTTAGCGG-1","WT"
"WT_GGCCGATTCCTCCTAG-1","WT"
"WT_GGCGACTTCCGCAGTG-1","WT"
"WT_GGCGTGTAGCTACCGC-1","WT"
"WT_GGCTCGACAGCCTTTC-1","WT"
"WT_GGGAATGCAGGGAGAG-1","WT"
"WT_GGGACCTCAGGTCTCG-1","WT"
"WT_GGGAGATGTTTCCACC-1","WT"
"WT_GGGATGATCTATGTGG-1","WT"
"WT_GGGCATCCATGATCCA-1","WT"
"WT_GGGCATCGTTAAGACA-1","WT"
"WT_GGTGAAGAGGGTCTCC-1","WT"
"WT_GGTGAAGCATGATCCA-1","WT"
"WT_GGTGCGTAGGAGTACC-1","WT"
"WT_GGTGCGTTCTGCGGCA-1","WT"
"WT_GTAACGTTCTGCAAGT-1","WT"
"WT_GTACTCCTCCACTCCA-1","WT"
"WT_GTACTTTGTCCGAAGA-1","WT"
"WT_GTAGGCCCAGGCGATA-1","WT"
"WT_GTAGTCAAGCTCCTCT-1","WT"
"WT_GTAGTCAAGTGACATA-1","WT"
"WT_GTAGTCAGTATCAGTC-1","WT"
"WT_GTCACAACACTATCTT-1","WT"
"WT_GTCACAAGTTAGGGTG-1","WT"
"WT_GTCACAAGTTTGACAC-1","WT"
"WT_GTCTCGTCATCATCCC-1","WT"
"WT_GTCTTCGAGAGCTTCT-1","WT"
"WT_GTCTTCGAGCACCGCT-1","WT"
"WT_GTGCAGCGTCATATCG-1","WT"
"WT_GTGCATATCGCGTAGC-1","WT"
"WT_GTGCGGTCATGCTGGC-1","WT"
"WT_GTGCGGTTCCACTCCA-1","WT"
"WT_GTGCTTCAGTTAAGTG-1","WT"
"WT_GTGCTTCCACGAAACG-1","WT"
"WT_GTGCTTCCATCCCACT-1","WT"
"WT_GTGCTTCGTATATGGA-1","WT"
"WT_GTGCTTCGTTATCACG-1","WT"
"WT_GTGGGTCCACATTAGC-1","WT"
"WT_GTGGGTCGTAGTAGTA-1","WT"
"WT_GTGTGCGGTAAGCACG-1","WT"
"WT_GTGTGCGTCCAAGCCG-1","WT"
"WT_GTGTTAGAGCTCCCAG-1","WT"
"WT_GTGTTAGTCACGCGGT-1","WT"
"WT_GTGTTAGTCGTTTATC-1","WT"
"WT_GTTCATTAGTGGGCTA-1","WT"
"WT_GTTCATTCAGACACTT-1","WT"
"WT_GTTTCTACACGAAACG-1","WT"
"WT_TAAACCGAGCCGGTAA-1","WT"
"WT_TAAACCGCATCGTCGG-1","WT"
"WT_TAAACCGGTTGTGGCC-1","WT"
"WT_TAAGAGAAGGCATGTG-1","WT"
"WT_TAAGAGACAGCTCCGA-1","WT"
"WT_TAAGCGTCACCTCGGA-1","WT"
"WT_TAAGCGTGTAGAGTGC-1","WT"
"WT_TACACGAAGTGATCGG-1","WT"
"WT_TACACGACAGTATCTG-1","WT"
"WT_TACACGATCGTCTGAA-1","WT"
"WT_TACACGATCTTCGGTC-1","WT"
"WT_TACAGTGTCAGTCCCT-1","WT"
"WT_TACCTATTCAGTCAGT-1","WT"
"WT_TACCTATTCTTACCTA-1","WT"
"WT_TACGGGCGTCCCGACA-1","WT"
"WT_TACGGTAGTTCCACGG-1","WT"
"WT_TACGGTATCTCGCTTG-1","WT"
"WT_TACTCATGTAATAGCA-1","WT"
"WT_TACTCATGTACTTGAC-1","WT"
"WT_TACTCGCCATGCCCGA-1","WT"
"WT_TACTCGCTCAGCGATT-1","WT"
"WT_TACTCGCTCCTCAACC-1","WT"
"WT_TACTTACTCACCAGGC-1","WT"
"WT_TAGACCATCGATAGAA-1","WT"
"WT_TAGAGCTGTCCAGTAT-1","WT"
"WT_TAGCCGGCAGCCTTTC-1","WT"
"WT_TAGTGGTCAAGCCTAT-1","WT"
"WT_TATCAGGTCCGAAGAG-1","WT"
"WT_TATGCCCCACACTGCG-1","WT"
"WT_TATGCCCCACATCCGG-1","WT"
"WT_TCAACGATCGAATGGG-1","WT"
"WT_TCAATCTAGAATAGGG-1","WT"
"WT_TCAATCTTCAAACAAG-1","WT"
"WT_TCACAAGAGTGGAGTC-1","WT"
"WT_TCACAAGCACGGCCAT-1","WT"
"WT_TCACAAGTCAGTGTTG-1","WT"
"WT_TCAGGATAGATGCCAG-1","WT"
"WT_TCAGGATGTCATCGGC-1","WT"
"WT_TCAGGTAGTGGCGAAT-1","WT"
"WT_TCAGGTATCGAACTGT-1","WT"
"WT_TCATTTGGTATAAACG-1","WT"
"WT_TCCACACCACCAGCAC-1","WT"
"WT_TCCCGATCATTTGCTT-1","WT"
"WT_TCGCGAGGTATAAACG-1","WT"
"WT_TCGCGTTAGAGACTAT-1","WT"
"WT_TCGGTAAGTCACTTCC-1","WT"
"WT_TCGTAGAGTACTCAAC-1","WT"
"WT_TCTCATATCCACTCCA-1","WT"
"WT_TCTCTAATCGATAGAA-1","WT"
"WT_TCTGAGACAAGTTAAG-1","WT"
"WT_TCTGGAAGTCATACTG-1","WT"
"WT_TCTTCGGTCCTTGCCA-1","WT"
"WT_TCTTCGGTCTGCGACG-1","WT"
"WT_TGACAACTCTCTTGAT-1","WT"
"WT_TGACGGCCAAGACACG-1","WT"
"WT_TGACGGCGTAACGCGA-1","WT"
"WT_TGACGGCGTGATAAGT-1","WT"
"WT_TGACTAGTCCTTCAAT-1","WT"
"WT_TGACTTTCACGAGGTA-1","WT"
"WT_TGACTTTGTTTACTCT-1","WT"
"WT_TGAGAGGCACGGCCAT-1","WT"
"WT_TGAGCATCAACGATCT-1","WT"
"WT_TGAGCCGCAAAGGAAG-1","WT"
"WT_TGAGCCGCACGCCAGT-1","WT"
"WT_TGAGCCGGTTTAGGAA-1","WT"
"WT_TGCACCTGTGTATGGG-1","WT"
"WT_TGCCAAAGTAGCACGA-1","WT"
"WT_TGCCCATCACGTAAGG-1","WT"
"WT_TGCCCTAAGTGGCACA-1","WT"
"WT_TGCCCTACACTGAAGG-1","WT"
"WT_TGCCCTATCACCACCT-1","WT"
"WT_TGCGCAGAGAATGTTG-1","WT"
"WT_TGCGCAGAGTAAGTAC-1","WT"
"WT_TGCGTGGCATTGGCGC-1","WT"
"WT_TGCGTGGGTCTCAACA-1","WT"
"WT_TGCTACCAGGAGTCTG-1","WT"
"WT_TGGACGCTCCACTCCA-1","WT"
"WT_TGGCCAGCAAGCCGTC-1","WT"
"WT_TGGCTGGTCACGCATA-1","WT"
"WT_TGGGAAGCATTCGACA-1","WT"
"WT_TGGTTAGCAACGATGG-1","WT"
"WT_TGGTTAGGTTCCATGA-1","WT"
"WT_TGTCCCAGTACTCGCG-1","WT"
"WT_TGTCCCATCTCACATT-1","WT"
"WT_TGTTCCGGTCTGCAAT-1","WT"
"WT_TGTTCCGTCACTTCAT-1","WT"
"WT_TTAACTCCAATAACGA-1","WT"
"WT_TTAGGACAGATATGCA-1","WT"
"WT_TTAGGACGTGCATCTA-1","WT"
"WT_TTAGTTCAGCTAGTCT-1","WT"
"WT_TTCCCAGCAATAAGCA-1","WT"
"WT_TTCCCAGGTGCCTGTG-1","WT"
"WT_TTCGAAGAGGTGTTAA-1","WT"
"WT_TTCTCAACAAGTTCTG-1","WT"
"WT_TTCTCAACAATAGAGT-1","WT"
"WT_TTCTCCTGTCGCTTTC-1","WT"
"WT_TTGAACGCACAAGACG-1","WT"
"WT_TTGCCGTAGCCCAACC-1","WT"
"WT_TTGCGTCCATATACGC-1","WT"
"WT_TTGGCAACAGGGAGAG-1","WT"
"WT_TTGGCAACATGCCACG-1","WT"
"WT_TTGTAGGTCATTCACT-1","WT"
"WT_TTTACTGGTAACGCGA-1","WT"
"WT_TTTCCTCAGCATGGCA-1","WT"
"WT_TTTCCTCCAATAAGCA-1","WT"
"WT_TTTGCGCGTATGAAAC-1","WT"
"WT_TTTGCGCGTCGACTGC-1","WT"
"WT_TTTGGTTAGTGGACGT-1","WT"
"WT_TTTGGTTGTATAATGG-1","WT"
"WT_TTTGGTTGTCTGGAGA-1","WT"
"WT_TTTGGTTTCAGGTAAA-1","WT"
"WT_TTTGTCATCCTGTACC-1","WT"
"KO_AAACCTGAGGGCTTCC-1","KO"
"KO_AAACCTGCATGCATGT-1","KO"
"KO_AAACGGGCAAAGGCGT-1","KO"
"KO_AAACGGGGTAAACGCG-1","KO"
"KO_AAATGCCTCTCATTCA-1","KO"
"KO_AACCGCGCATTATCTC-1","KO"
"KO_AACGTTGCAGTGACAG-1","KO"
"KO_AACTCCCGTCAAGCGA-1","KO"
"KO_AACTGGTAGCGTGAAC-1","KO"
"KO_AACTGGTCAACACCCG-1","KO"
"KO_AACTGGTCACGAAACG-1","KO"
"KO_AACTGGTTCTTGCAAG-1","KO"
"KO_AAGACCTCACCACCAG-1","KO"
"KO_AAGACCTTCTGCGTAA-1","KO"
"KO_AAGCCGCCATCGTCGG-1","KO"
"KO_AAGGAGCAGATAGGAG-1","KO"
"KO_AAGTCTGAGTAGGTGC-1","KO"
"KO_AATCCAGAGTGTCCCG-1","KO"
"KO_AATCGGTGTAGCTGCC-1","KO"
"KO_ACACCAACAGATAATG-1","KO"
"KO_ACACCAACAGGACCCT-1","KO"
"KO_ACACCCTAGTGGGCTA-1","KO"
"KO_ACACCCTCAATACGCT-1","KO"
"KO_ACACCGGTCTCGTATT-1","KO"
"KO_ACACTGACATAGAAAC-1","KO"
"KO_ACACTGACATGGGAAC-1","KO"
"KO_ACAGCCGAGACTACAA-1","KO"
"KO_ACAGCCGAGAGGTACC-1","KO"
"KO_ACAGCCGCACAGTCGC-1","KO"
"KO_ACAGCCGGTATAGGGC-1","KO"
"KO_ACAGCCGGTGGACGAT-1","KO"
"KO_ACAGCTAAGAGCCCAA-1","KO"
"KO_ACAGCTATCCGGGTGT-1","KO"
"KO_ACATGGTCACGTAAGG-1","KO"
"KO_ACATGGTGTCACCCAG-1","KO"
"KO_ACCCACTAGAAACGAG-1","KO"
"KO_ACCCACTCAACGCACC-1","KO"
"KO_ACCCACTTCAAGAAGT-1","KO"
"KO_ACCTTTACACGTGAGA-1","KO"
"KO_ACGAGCCAGATACACA-1","KO"
"KO_ACGAGGATCTTAGAGC-1","KO"
"KO_ACGCAGCAGACGCAAC-1","KO"
"KO_ACGCCGACAAGGACAC-1","KO"
"KO_ACGGAGACACCTTGTC-1","KO"
"KO_ACGGCCACAACAACCT-1","KO"
"KO_ACGGGTCTCTATGTGG-1","KO"
"KO_ACTATCTCAACGCACC-1","KO"
"KO_ACTATCTCATCAGTCA-1","KO"
"KO_ACTATCTGTGACGCCT-1","KO"
"KO_ACTGAACTCAGAGACG-1","KO"
"KO_ACTGAGTGTGTGTGCC-1","KO"
"KO_ACTGAGTTCAACGCTA-1","KO"
"KO_ACTGTCCAGATAGCAT-1","KO"
"KO_ACTGTCCGTGTTCTTT-1","KO"
"KO_ACTGTCCTCTCCCTGA-1","KO"
"KO_ACTTACTAGGGTATCG-1","KO"
"KO_ACTTACTTCGTGGACC-1","KO"
"KO_ACTTTCACATCGGACC-1","KO"
"KO_AGAATAGCACGGTAGA-1","KO"
"KO_AGACGTTAGGCGCTCT-1","KO"
"KO_AGACGTTCAGTCCTTC-1","KO"
"KO_AGAGCGACATGTAGTC-1","KO"
"KO_AGAGCTTTCTCCAGGG-1","KO"
"KO_AGATCTGAGCAGGTCA-1","KO"
"KO_AGATTGCCACCCTATC-1","KO"
"KO_AGCAGCCAGACGCAAC-1","KO"
"KO_AGCATACGTAAGTTCC-1","KO"
"KO_AGCGGTCGTGATGTCT-1","KO"
"KO_AGCGTATAGATACACA-1","KO"
"KO_AGCTCCTGTCGCATCG-1","KO"
"KO_AGCTCTCGTTCCGTCT-1","KO"
"KO_AGCTTGAAGATATGCA-1","KO"
"KO_AGCTTGATCACAGGCC-1","KO"
"KO_AGGCCACCACTCAGGC-1","KO"
"KO_AGGCCGTGTCTCACCT-1","KO"
"KO_AGGGATGAGAAACGCC-1","KO"
"KO_AGGGATGCAATGGAAT-1","KO"
"KO_AGGGATGTCGCGATCG-1","KO"
"KO_AGGGTGAAGAAACGAG-1","KO"
"KO_AGGGTGACAGTAGAGC-1","KO"
"KO_AGGGTGATCTAACTGG-1","KO"
"KO_AGGTCCGCACACGCTG-1","KO"
"KO_AGTCTTTTCCTTTACA-1","KO"
"KO_AGTGAGGCAGTAAGAT-1","KO"
"KO_AGTGTCATCGATGAGG-1","KO"
"KO_AGTTGGTAGGCAGTCA-1","KO"
"KO_AGTTGGTTCTAACTCT-1","KO"
"KO_ATAACGCAGCGCCTCA-1","KO"
"KO_ATAGACCCACTGCCAG-1","KO"
"KO_ATCACGAGTACGCACC-1","KO"
"KO_ATCATGGTCTGCGTAA-1","KO"
"KO_ATCCACCAGTAGGTGC-1","KO"
"KO_ATCCACCCATTGTGCA-1","KO"
"KO_ATCCGAAGTAAGGGAA-1","KO"
"KO_ATCGAGTCATTTGCCC-1","KO"
"KO_ATCGAGTTCTAGAGTC-1","KO"
"KO_ATCTGCCAGTCGTACT-1","KO"
"KO_ATGAGGGTCAAACCAC-1","KO"
"KO_ATGCGATAGGGATGGG-1","KO"
"KO_ATGGGAGCAATCCGAT-1","KO"
"KO_ATTACTCAGGAGCGAG-1","KO"
"KO_ATTGGACAGGTGGGTT-1","KO"
"KO_ATTGGACAGTGCCAGA-1","KO"
"KO_ATTTCTGCACCTTGTC-1","KO"
"KO_ATTTCTGGTGTGCGTC-1","KO"
"KO_CAACCAATCTGCCAGG-1","KO"
"KO_CAACCTCAGTGCGATG-1","KO"
"KO_CAACCTCTCATATCGG-1","KO"
"KO_CAACTAGAGCGCTCCA-1","KO"
"KO_CAAGAAAAGACGCACA-1","KO"
"KO_CAAGAAAAGAGTCTGG-1","KO"
"KO_CAAGAAAGTTCGAATC-1","KO"
"KO_CAAGATCAGTAGCGGT-1","KO"
"KO_CAAGTTGTCGAATGCT-1","KO"
"KO_CACAAACAGGGTCTCC-1","KO"
"KO_CACAAACTCGGCGCTA-1","KO"
"KO_CACACAAAGTAGGCCA-1","KO"
"KO_CACAGGCAGAAGATTC-1","KO"
"KO_CACAGGCGTGTGAATA-1","KO"
"KO_CACATTTGTTCACCTC-1","KO"
"KO_CACATTTTCACTTATC-1","KO"
"KO_CACCAGGAGTATTGGA-1","KO"
"KO_CACCTTGAGCCCAGCT-1","KO"
"KO_CACCTTGAGGCTCAGA-1","KO"
"KO_CACCTTGTCATTGCCC-1","KO"
"KO_CACTCCATCAGTACGT-1","KO"
"KO_CAGAATCTCCTCTAGC-1","KO"
"KO_CAGAGAGAGCAACGGT-1","KO"
"KO_CAGATCATCCCTCTTT-1","KO"
"KO_CAGCAGCGTACAGTGG-1","KO"
"KO_CAGCCGACACTATCTT-1","KO"
"KO_CAGCCGACATAGAAAC-1","KO"
"KO_CAGCCGATCCGTAGTA-1","KO"
"KO_CAGCGACCAAGGGTCA-1","KO"
"KO_CAGCTAACAATCGGTT-1","KO"
"KO_CAGCTAACACGAGAGT-1","KO"
"KO_CAGCTAATCCCAGGTG-1","KO"
"KO_CATATGGGTATCGCAT-1","KO"
"KO_CATATGGTCAGCTTAG-1","KO"
"KO_CATCAGAAGCTAGGCA-1","KO"
"KO_CATCAGAAGGTAAACT-1","KO"
"KO_CATCAGATCTCCAACC-1","KO"
"KO_CATCCACCAGATCGGA-1","KO"
"KO_CATCGAACACACTGCG-1","KO"
"KO_CATCGAAGTACAGCAG-1","KO"
"KO_CATCGGGTCCTGTAGA-1","KO"
"KO_CATGACAAGGTGATAT-1","KO"
"KO_CATGACACATGCCTTC-1","KO"
"KO_CATGACAGTACACCGC-1","KO"
"KO_CATGACAGTTTCCACC-1","KO"
"KO_CATGACAGTTTGGGCC-1","KO"
"KO_CATGACATCGGTGTTA-1","KO"
"KO_CATGCCTCAAGCCTAT-1","KO"
"KO_CATTATCTCCCTAACC-1","KO"
"KO_CCACGGACAATACGCT-1","KO"
"KO_CCACGGAGTGCCTTGG-1","KO"
"KO_CCACTACTCATGGTCA-1","KO"
"KO_CCCAGTTAGAGTAATC-1","KO"
"KO_CCCAGTTAGGTCGGAT-1","KO"
"KO_CCCAGTTCAAATTGCC-1","KO"
"KO_CCCAGTTGTACTTGAC-1","KO"
"KO_CCCATACCACGGCGTT-1","KO"
"KO_CCCTCCTCATCACGTA-1","KO"
"KO_CCTACACCATCGATGT-1","KO"
"KO_CCTAGCTTCACTTATC-1","KO"
"KO_CCTATTAAGTCCAGGA-1","KO"
"KO_CCTATTAGTACAGTTC-1","KO"
"KO_CCTATTATCCGTACAA-1","KO"
"KO_CCTCAGTGTGGTGTAG-1","KO"
"KO_CCTCTGATCCCTCTTT-1","KO"
"KO_CCTTCCCCAGATAATG-1","KO"
"KO_CCTTCCCCAGTTAACC-1","KO"
"KO_CCTTCCCGTCAGGACA-1","KO"
"KO_CCTTCCCTCACATAGC-1","KO"
"KO_CCTTCGAGTCAACTGT-1","KO"
"KO_CCTTTCTAGCGTAGTG-1","KO"
"KO_CGAACATCATATACCG-1","KO"
"KO_CGAACATCATCAGTAC-1","KO"
"KO_CGAGAAGAGCTAGGCA-1","KO"
"KO_CGAGCACAGTGCGTGA-1","KO"
"KO_CGAGCACCATCGATGT-1","KO"
"KO_CGAGCACGTTGTCTTT-1","KO"
"KO_CGAGCCATCGTTTATC-1","KO"
"KO_CGCCAAGCAGGGATTG-1","KO"
"KO_CGCCAAGTCCGCAAGC-1","KO"
"KO_CGCGGTAAGAAACCTA-1","KO"
"KO_CGCGTTTCACGAGAGT-1","KO"
"KO_CGCGTTTTCACCTTAT-1","KO"
"KO_CGCTATCGTCCGACGT-1","KO"
"KO_CGCTATCTCTGGCGAC-1","KO"
"KO_CGCTGGACATGTTGAC-1","KO"
"KO_CGCTTCATCCATTCTA-1","KO"
"KO_CGGACACGTACTCTCC-1","KO"
"KO_CGGACACGTTAAGACA-1","KO"
"KO_CGGACGTAGTACGTAA-1","KO"
"KO_CGGAGTCCATTCTTAC-1","KO"
"KO_CGGTTAAGTTATGCGT-1","KO"
"KO_CGTAGCGCACTCAGGC-1","KO"
"KO_CGTAGCGCATCAGTCA-1","KO"
"KO_CGTAGCGGTACCATCA-1","KO"
"KO_CGTAGCGGTGAGTGAC-1","KO"
"KO_CGTAGGCCAAATACAG-1","KO"
"KO_CGTAGGCCACTGTGTA-1","KO"
"KO_CGTAGGCGTCACAAGG-1","KO"
"KO_CGTCACTAGCTCCTTC-1","KO"
"KO_CGTCCATTCCACTGGG-1","KO"
"KO_CGTCCATTCTGCTGTC-1","KO"
"KO_CGTCTACCAAAGGAAG-1","KO"
"KO_CGTCTACCAGATGAGC-1","KO"
"KO_CGTGAGCAGATGTAAC-1","KO"
"KO_CGTGAGCCAGATGGCA-1","KO"
"KO_CGTGTCTAGAAAGTGG-1","KO"
"KO_CGTGTCTCAATGGATA-1","KO"
"KO_CGTGTCTGTCTCGTTC-1","KO"
"KO_CGTTGGGGTATAGGTA-1","KO"
"KO_CTAATGGAGACTAGAT-1","KO"
"KO_CTACACCTCCCAAGAT-1","KO"
"KO_CTACATTCATGGTTGT-1","KO"
"KO_CTACATTGTGACGCCT-1","KO"
"KO_CTAGAGTGTTACGCGC-1","KO"
"KO_CTAGCCTGTCACCCAG-1","KO"
"KO_CTAGCCTTCTTTACAC-1","KO"
"KO_CTAGTGACAAGACACG-1","KO"
"KO_CTCACACCATCGATGT-1","KO"
"KO_CTCACACGTAGCACGA-1","KO"
"KO_CTCAGAAAGGGCATGT-1","KO"
"KO_CTCAGAAAGTGCAAGC-1","KO"
"KO_CTCATTAGTCTCTTAT-1","KO"
"KO_CTCATTAGTGACTACT-1","KO"
"KO_CTCCTAGAGTGAAGAG-1","KO"
"KO_CTCCTAGTCTACGAGT-1","KO"
"KO_CTCGAAAGTTCGCGAC-1","KO"
"KO_CTCGGGATCCAACCAA-1","KO"
"KO_CTGAAGTGTTGTGGCC-1","KO"
"KO_CTGATAGTCAGATAAG-1","KO"
"KO_CTGATAGTCTGCCAGG-1","KO"
"KO_CTGATAGTCTTTACGT-1","KO"
"KO_CTGCGGAGTCTGCCAG-1","KO"
"KO_CTGCTGTCACCAACCG-1","KO"
"KO_CTGGTCTAGCAGCGTA-1","KO"
"KO_CTGGTCTGTCGATTGT-1","KO"
"KO_CTGTTTACATGCGCAC-1","KO"
"KO_CTTAACTGTTTAGCTG-1","KO"
"KO_CTTACCGAGTGGACGT-1","KO"
"KO_CTTACCGCACTGCCAG-1","KO"
"KO_CTTACCGTCATGCATG-1","KO"
"KO_CTTAGGACAATGAATG-1","KO"
"KO_CTTAGGAGTCTACCTC-1","KO"
"KO_CTTGGCTTCAGCATGT-1","KO"
"KO_CTTTGCGAGAAGGTGA-1","KO"
"KO_GAAATGACACATTAGC-1","KO"
"KO_GAAATGACATCCCACT-1","KO"
"KO_GAAATGATCTTTAGGG-1","KO"
"KO_GAACATCGTTGGTAAA-1","KO"
"KO_GAACCTAGTATGAATG-1","KO"
"KO_GAACCTATCAAGGTAA-1","KO"
"KO_GAATAAGCACGTGAGA-1","KO"
"KO_GAATAAGTCGGAATCT-1","KO"
"KO_GAATGAACAGTCACTA-1","KO"
"KO_GAATGAAGTAGCGTCC-1","KO"
"KO_GACACGCCACAGACAG-1","KO"
"KO_GACCAATCAATTCCTT-1","KO"
"KO_GACGCGTTCTCGAGTA-1","KO"
"KO_GACGGCTCAGTCCTTC-1","KO"
"KO_GACGTTAGTCGTCTTC-1","KO"
"KO_GACTAACAGACTAGAT-1","KO"
"KO_GACTAACCACCCAGTG-1","KO"
"KO_GACTAACGTGCTTCTC-1","KO"
"KO_GACTACAGTAAGAGAG-1","KO"
"KO_GACTGCGCACTCGACG-1","KO"
"KO_GATCAGTAGGACAGAA-1","KO"
"KO_GATCAGTTCTCAACTT-1","KO"
"KO_GATCGTAAGTGCCAGA-1","KO"
"KO_GATCGTACACGAAACG-1","KO"
"KO_GATCTAGAGGACTGGT-1","KO"
"KO_GATGAAATCAACACAC-1","KO"
"KO_GATGAAATCAGCTTAG-1","KO"
"KO_GATGAAATCTGAGTGT-1","KO"
"KO_GATGCTAAGTGAACAT-1","KO"
"KO_GATGCTATCCTTGCCA-1","KO"
"KO_GCAATCAAGCAAATCA-1","KO"
"KO_GCAATCAGTAGAAGGA-1","KO"
"KO_GCAATCAGTATGCTTG-1","KO"
"KO_GCAGCCATCAAACGGG-1","KO"
"KO_GCAGTTATCTCGCTTG-1","KO"
"KO_GCATACACATCCGCGA-1","KO"
"KO_GCATACACATGAGCGA-1","KO"
"KO_GCATGATTCTCCTATA-1","KO"
"KO_GCATGCGAGAGCTGGT-1","KO"
"KO_GCATGCGCAGGGCATA-1","KO"
"KO_GCCTCTACACAAGCCC-1","KO"
"KO_GCCTCTATCTGGGCCA-1","KO"
"KO_GCGACCAAGTAGATGT-1","KO"
"KO_GCGCAACAGATGTTAG-1","KO"
"KO_GCGCAGTGTAAACACA-1","KO"
"KO_GCGCCAATCGCCAGCA-1","KO"
"KO_GCGGGTTTCCTCATTA-1","KO"
"KO_GCTCTGTAGACTAGGC-1","KO"
"KO_GCTCTGTAGTCAAGCG-1","KO"
"KO_GCTCTGTAGTCATGCT-1","KO"
"KO_GCTCTGTTCCGCAAGC-1","KO"
"KO_GCTGCAGAGTCTCGGC-1","KO"
"KO_GCTGCAGAGTGTTTGC-1","KO"
"KO_GCTGCTTAGATGTCGG-1","KO"
"KO_GCTGGGTTCCGCAGTG-1","KO"
"KO_GCTTCCAAGGCAATTA-1","KO"
"KO_GCTTCCAAGGGAAACA-1","KO"
"KO_GCTTGAAGTTGGTAAA-1","KO"
"KO_GGAAAGCTCACAGGCC-1","KO"
"KO_GGAACTTCACACATGT-1","KO"
"KO_GGAATAAGTGTTGAGG-1","KO"
"KO_GGACAAGAGCGTGAGT-1","KO"
"KO_GGACAAGTCCTCATTA-1","KO"
"KO_GGAGCAAGTGTGACCC-1","KO"
"KO_GGATGTTGTATCACCA-1","KO"
"KO_GGCAATTCATCACAAC-1","KO"
"KO_GGCCGATTCGATGAGG-1","KO"
"KO_GGCGTGTGTCGCCATG-1","KO"
"KO_GGCTGGTTCGGTTAAC-1","KO"
"KO_GGGAATGTCTATCCTA-1","KO"
"KO_GGGATGAAGAAACGCC-1","KO"
"KO_GGGATGATCTGTCTAT-1","KO"
"KO_GGGCACTTCATCTGTT-1","KO"
"KO_GGGTCTGAGCACCGTC-1","KO"
"KO_GGGTCTGAGGACAGAA-1","KO"
"KO_GGGTTGCCACTCAGGC-1","KO"
"KO_GGTGAAGTCTTACCGC-1","KO"
"KO_GGTGCGTGTACGAAAT-1","KO"
"KO_GTACGTACAGCCAGAA-1","KO"
"KO_GTACTTTGTCTAACGT-1","KO"
"KO_GTAGGCCCAACGATCT-1","KO"
"KO_GTATCTTGTTGGTAAA-1","KO"
"KO_GTATTCTAGGACATTA-1","KO"
"KO_GTATTCTCAGGCTCAC-1","KO"
"KO_GTATTCTTCGGCGGTT-1","KO"
"KO_GTATTCTTCGTCGTTC-1","KO"
"KO_GTATTCTTCTCGATGA-1","KO"
"KO_GTCAAGTAGTCGAGTG-1","KO"
"KO_GTCACGGAGACACTAA-1","KO"
"KO_GTCACGGCACGACGAA-1","KO"
"KO_GTCATTTGTTACAGAA-1","KO"
"KO_GTCCTCATCCCAGGTG-1","KO"
"KO_GTCGTAAAGTTACCCA-1","KO"
"KO_GTCGTAATCAACACAC-1","KO"
"KO_GTCTCGTAGAGACTAT-1","KO"
"KO_GTCTCGTTCACTTCAT-1","KO"
"KO_GTCTCGTTCTTCGAGA-1","KO"
"KO_GTCTTCGGTAAATACG-1","KO"
"KO_GTCTTCGTCTGCGACG-1","KO"
"KO_GTGAAGGCATGCCCGA-1","KO"
"KO_GTGCAGCCAGTCACTA-1","KO"
"KO_GTGCATAAGGCAGTCA-1","KO"
"KO_GTGCGGTAGCAATATG-1","KO"
"KO_GTGCTTCAGATGTGGC-1","KO"
"KO_GTTAAGCGTACAAGTA-1","KO"
"KO_GTTACAGGTTCAGTAC-1","KO"
"KO_GTTCATTTCAACACTG-1","KO"
"KO_GTTCGGGCAATCACAC-1","KO"
"KO_GTTCTCGAGATATGCA-1","KO"
"KO_GTTCTCGCATGATCCA-1","KO"
"KO_GTTCTCGGTAGCGCTC-1","KO"
"KO_TAAACCGAGCTAGGCA-1","KO"
"KO_TAAACCGGTGCACTTA-1","KO"
"KO_TAAGAGACATGCAACT-1","KO"
"KO_TAAGCGTCAGGGAGAG-1","KO"
"KO_TAAGTGCCAGCTGCTG-1","KO"
"KO_TACACGAGTCAGCTAT-1","KO"
"KO_TACACGAGTTAGATGA-1","KO"
"KO_TACACGAGTTGGTGGA-1","KO"
"KO_TACCTATCATCCAACA-1","KO"
"KO_TACCTATTCCGCATAA-1","KO"
"KO_TACCTATTCGGAGGTA-1","KO"
"KO_TACCTATTCTTGCCGT-1","KO"
"KO_TACCTTAAGTACGTTC-1","KO"
"KO_TACGGATAGTCTCCTC-1","KO"
"KO_TACGGATCAATGAAAC-1","KO"
"KO_TACGGATGTGAACCTT-1","KO"
"KO_TACGGATTCAGTCAGT-1","KO"
"KO_TACGGGCTCACCTCGT-1","KO"
"KO_TACGGGCTCTTTAGGG-1","KO"
"KO_TACGGTAAGATATGGT-1","KO"
"KO_TACGGTACAAGCGCTC-1","KO"
"KO_TACGGTATCGACCAGC-1","KO"
"KO_TACTCGCCAAGCGTAG-1","KO"
"KO_TACTCGCGTCCCTACT-1","KO"
"KO_TACTCGCGTCTTTCAT-1","KO"
"KO_TACTTACCAAAGAATC-1","KO"
"KO_TACTTACCACGTGAGA-1","KO"
"KO_TAGACCACATGTCTCC-1","KO"
"KO_TAGAGCTAGTTAGCGG-1","KO"
"KO_TAGCCGGCAAGCTGTT-1","KO"
"KO_TAGCCGGCATGTAAGA-1","KO"
"KO_TAGGCATTCGGCATCG-1","KO"
"KO_TAGTGGTGTGTCTGAT-1","KO"
"KO_TAGTGGTTCCGGCACA-1","KO"
"KO_TAGTTGGAGGCCATAG-1","KO"
"KO_TAGTTGGGTCTGATCA-1","KO"
"KO_TATCAGGGTTCGTCTC-1","KO"
"KO_TATGCCCAGAAGGACA-1","KO"
"KO_TATGCCCCAGTTTACG-1","KO"
"KO_TATTACCAGGGTATCG-1","KO"
"KO_TATTACCGTCGAAAGC-1","KO"
"KO_TCAATCTGTACCGTTA-1","KO"
"KO_TCACAAGGTCATTAGC-1","KO"
"KO_TCACGAACAAGGGTCA-1","KO"
"KO_TCAGCAATCTGAGGGA-1","KO"
"KO_TCAGCTCAGCGTGTCC-1","KO"
"KO_TCAGCTCAGCTGCCCA-1","KO"
"KO_TCAGCTCGTCGGGTCT-1","KO"
"KO_TCAGCTCTCAAGGCTT-1","KO"
"KO_TCAGGATAGTGTCTCA-1","KO"
"KO_TCAGGTAGTCATGCAT-1","KO"
"KO_TCATTACTCGAGAGCA-1","KO"
"KO_TCCCGATAGGCATTGG-1","KO"
"KO_TCCCGATTCATGTCCC-1","KO"
"KO_TCGTACCCATTGGCGC-1","KO"
"KO_TCGTAGAAGATGTAAC-1","KO"
"KO_TCGTAGACAACACGCC-1","KO"
"KO_TCTCATACACACGCTG-1","KO"
"KO_TCTGAGATCAGTTAGC-1","KO"
"KO_TCTGAGATCCGCATCT-1","KO"
"KO_TCTGGAATCTTTACAC-1","KO"
"KO_TCTTCGGCAAGTAGTA-1","KO"
"KO_TCTTCGGCAGCTGCAC-1","KO"
"KO_TCTTCGGTCTTCTGGC-1","KO"
"KO_TCTTTCCGTCAAAGAT-1","KO"
"KO_TCTTTCCTCTTATCTG-1","KO"
"KO_TGAAAGATCCATGAAC-1","KO"
"KO_TGACAACAGTGAAGTT-1","KO"
"KO_TGACAACCACCCTATC-1","KO"
"KO_TGACGGCCAAATACAG-1","KO"
"KO_TGACTAGCAATGGAAT-1","KO"
"KO_TGACTAGGTTCGTGAT-1","KO"
"KO_TGAGCATAGTTTAGGA-1","KO"
"KO_TGAGCCGAGTGAATTG-1","KO"
"KO_TGAGCCGGTAAGGATT-1","KO"
"KO_TGAGGGAAGGGTTCCC-1","KO"
"KO_TGATTTCGTTGTGGCC-1","KO"
"KO_TGCACCTAGTGCTGCC-1","KO"
"KO_TGCACCTCATTCACTT-1","KO"
"KO_TGCACCTTCAATACCG-1","KO"
"KO_TGCCCTAAGGTGATTA-1","KO"
"KO_TGCCCTACATCAGTAC-1","KO"
"KO_TGCTACCGTCCGTTAA-1","KO"
"KO_TGCTACCTCGAATGGG-1","KO"
"KO_TGCTGCTGTCCTCCAT-1","KO"
"KO_TGGACGCCACGCATCG-1","KO"
"KO_TGGACGCGTTGGTAAA-1","KO"
"KO_TGGCCAGAGAGGTACC-1","KO"
"KO_TGGCCAGGTTCAGACT-1","KO"
"KO_TGGCGCACAAAGGCGT-1","KO"
"KO_TGGCGCAGTACTCGCG-1","KO"
"KO_TGGGAAGCAGATCTGT-1","KO"
"KO_TGGGAAGTCTTAGCCC-1","KO"
"KO_TGGGCGTTCTGGTGTA-1","KO"
"KO_TGTATTCGTCTCACCT-1","KO"
"KO_TGTGGTAGTGCCTGTG-1","KO"
"KO_TGTGTTTCAATAGAGT-1","KO"
"KO_TGTTCCGCAACTGGCC-1","KO"
"KO_TGTTCCGTCTAACTTC-1","KO"
"KO_TTAGGCAAGATATGGT-1","KO"
"KO_TTAGTTCCATTGTGCA-1","KO"
"KO_TTCCCAGGTCTTCTCG-1","KO"
"KO_TTCGAAGTCCAAAGTC-1","KO"
"KO_TTCGGTCCACCAGATT-1","KO"
"KO_TTCTTAGCAAGAAAGG-1","KO"
"KO_TTCTTAGCAGTATCTG-1","KO"
"KO_TTCTTAGGTGCCTTGG-1","KO"
"KO_TTGAACGTCCTCTAGC-1","KO"
"KO_TTGACTTGTGCGAAAC-1","KO"
"KO_TTGCCGTCAAATACAG-1","KO"
"KO_TTGTAGGAGATGGCGT-1","KO"
"KO_TTGTAGGAGCGCCTTG-1","KO"
"KO_TTTATGCAGTTGTCGT-1","KO"
"KO_TTTATGCTCCTAGGGC-1","KO"
"KO_TTTCCTCAGTCATCCA-1","KO"
"KO_TTTGCGCAGTAACCCT-1","KO"
"KO_TTTGCGCCAGCCTTGG-1","KO"
"KO_TTTGGTTAGACAGACC-1","KO"
"KO_TTTGGTTCAAATTGCC-1","KO"
"KO_TTTGTCAGTGACTCAT-1","KO"
